video_filename,url,title,length_seconds,publish_date,description,keywords,date,date_src,transcription_filename
video_1.mp4,https://www.youtube.com/watch?v=2Ypstu_wRzU,"Cumhurbaşkanımız Erdoğan, Bağcılar Mitingi’nde konuştu",2233,2019-03-30,,[],30.03.2019,live_stream,
video_2.mp4,https://www.youtube.com/watch?v=y-tPGl8qRxQ,"Cumhurbaşkanımız Erdoğan, Bahçelievler Mitingi’nde konuştu",1951,2019-03-30,,[],30.03.2019,live_stream,
video_3.mp4,https://www.youtube.com/watch?v=GqiZlUieCng,"Cumhurbaşkanımız Erdoğan, Güngören Mitingi’nde konuştu",1469,2019-03-30,,[],30.03.2019,live_stream,
video_4.mp4,https://www.youtube.com/watch?v=9TLvJTtma0M,"Cumhurbaşkanımız Erdoğan, Sultangazi Mitingi’nde konuştu",1421,2019-03-30,,[],30.03.2019,live_stream,
video_5.mp4,https://www.youtube.com/watch?v=pCfdU8fLeqA,"Cumhurbaşkanımız Erdoğan, Bayrampaşa  Mitingi’nde konuştu",1652,2019-03-30,,[],30.03.2019,live_stream,
video_6.mp4,https://www.youtube.com/watch?v=IfqRfxc5sI0,"Cumhurbaşkanımız Erdoğan, Kağıthane Mitingi’nde konuştu",1478,2019-03-30,,[],30.03.2019,live_stream,
video_7.mp4,https://www.youtube.com/watch?v=mSyzU0VGWM0,"Cumhurbaşkanımız Erdoğan, Beykoz  Mitingi'nde konuştu",1991,2019-03-29,,[],29.03.2019,live_stream,
video_8.mp4,https://www.youtube.com/watch?v=AbJjTZmE5SU,"Cumhurbaşkanımız Erdoğan, Ümraniye Mitingi'nde konuştu",1812,2019-03-29,,[],29.03.2019,live_stream,
video_9.mp4,https://www.youtube.com/watch?v=qEYQfnf6bhA,"Cumhurbaşkanımız Erdoğan, Çekmeköy  Mitingi'nde konuştu",2285,2019-03-29,,[],29.03.2019,live_stream,
video_10.mp4,https://www.youtube.com/watch?v=dil1XoZ5C2E,"Cumhurbaşkanımız Erdoğan, Sultanbeyli  Mitingi'nde konuştu",1631,2019-03-29,,[],29.03.2019,live_stream,
video_11.mp4,https://www.youtube.com/watch?v=fAa7wM80kJc,"Cumhurbaşkanımız Erdoğan, Maltepe Mitingi'nde konuştu",2430,2019-03-29,,"['Adalet ve kalkınma partisi', 'akp', 'ak parti', 'ak party', 'reklam', '31 mart 2019', 'çevre', 'seçim', 'seçim kampanyası', 'recep tayyip Erdoğan', 'çevreye duyarlı kampanya', 'çevreci kampanya']",,,
video_12.mp4,https://www.youtube.com/watch?v=-R1QYzpwTIg,"Cumhurbaşkanımız Erdoğan, Pendik   Mitingi'nde konuştu",1496,2019-03-29,,[],29.03.2019,live_stream,
video_13.mp4,https://www.youtube.com/watch?v=0k676J48PAk,"Cumhurbaşkanımız Erdoğan, Tuzla  Mitingi'nde konuştu",2471,2019-03-29,,[],29.03.2019,live_stream,
video_14.mp4,https://www.youtube.com/watch?v=fD3cAzENoVs,"Cumhurbaşkanımız Erdoğan, Çubuk Mitingi'nde konuştu",1819,2019-03-28,,[],28.03.2019,live_stream,
video_15.mp4,https://www.youtube.com/watch?v=AyoDFnseOco,"Cumhurbaşkanımız Erdoğan, Elmadağ Mitingi'nde konuştu",2290,2019-03-28,,[],28.03.2019,live_stream,
video_16.mp4,https://www.youtube.com/watch?v=YvZ4F6dT-2M,"Cumhurbaşkanımız Erdoğan, Haymana Mitingi'nde konuştu",1020,2019-03-28,,[],28.03.2019,live_stream,
video_17.mp4,https://www.youtube.com/watch?v=4QHPNJaPFN4,"Cumhurbaşkanımız Erdoğan, Uşak  Mitingi'nde konuştu",1928,2019-03-27,,[],27.03.2019,live_stream,
video_18.mp4,https://www.youtube.com/watch?v=f0LN0qC4Gxs,"Cumhurbaşkanımız Erdoğan, Bolu Mitingi'nde konuştu",2548,2019-03-27,,[],27.03.2019,live_stream,
video_19.mp4,https://www.youtube.com/watch?v=IVznPOMmWzk,"Cumhurbaşkanımız Erdoğan, Düzce Mitingi'nde konuştu",2193,2019-03-27,,[],27.03.2019,live_stream,
video_20.mp4,https://www.youtube.com/watch?v=il6Qt4RT7WA,Cumhurbaşkanımız Erdoğan Adıyaman Mitingi'nde konuştu,3615,2019-03-26,,[],26.03.2019,live_stream,
video_21.mp4,https://www.youtube.com/watch?v=sAHQ9sW59vc,Cumhurbaşkanımız Erdoğan Van Mitingi'nde konuştu,2124,2019-03-26,,[],26.03.2019,live_stream,
video_22.mp4,https://www.youtube.com/watch?v=B8BkreqPg50,Cumhurbaşkanımız Erdoğan Muş Mitingi'nde konuştu,2634,2019-03-25,,[],25.03.2019,live_stream,
video_23.mp4,https://www.youtube.com/watch?v=KU0pAoyn55g,Cumhurbaşkanımız Erdoğan Ağrı Mitingi'nde konuştu,2117,2019-03-25,,[],25.03.2019,live_stream,
video_24.mp4,https://www.youtube.com/watch?v=a96iQ_mvmtA,İstanbul Mitingimiz… #İstanbuldaCumhurİttifakı,8421,2019-03-24,,[],24.03.2019,live_stream,
video_25.mp4,https://www.youtube.com/watch?v=xDO6S7PWLcs,Ankara Mitingimiz... #BüyükAnkaraBuluşması,6591,2019-03-23,,[],23.03.2019,live_stream,
video_26.mp4,https://www.youtube.com/watch?v=0rsyO-FAeq8,"Cumhurbaşkanımız Erdoğan, Amasya Mitingi'nde konuştu",1752,2019-03-22,,[],22.03.2019,live_stream,
video_27.mp4,https://www.youtube.com/watch?v=3CEyF2G9_6A,"Cumhurbaşkanımız Erdoğan, Kütahya  Mitingi'nde konuşuyor...",2802,2019-03-21,,[],21.03.2019,live_stream,
video_28.mp4,https://www.youtube.com/watch?v=SKCXoM4mOMY,"Cumhurbaşkanımız Erdoğan, Üsküdar Mitingi'nde konuştu",1503,2019-03-19,,[],19.03.2019,live_stream,
video_29.mp4,https://www.youtube.com/watch?v=S9BDqa8tKc8,"Cumhurbaşkanımız Erdoğan, Sakarya Mitingi'nde konuştu",2192,2019-03-19,,[],19.03.2019,live_stream,
video_30.mp4,https://www.youtube.com/watch?v=x92iC2LzV1M,"Cumhurbaşkanımız Erdoğan, Ereğli Mitingi'nde konuştu",1812,2019-03-19,,[],19.03.2019,live_stream,
video_31.mp4,https://www.youtube.com/watch?v=iDt6o8YRsE0,"Cumhurbaşkanımız Erdoğan, Zeytinburnu Mitingi'nde konuştu",1994,2019-03-16,,[],16.03.2019,live_stream,
video_32.mp4,https://www.youtube.com/watch?v=725XKRnKFAc,"Cumhurbaşkanımız Erdoğan, Tekirdağ  Mitingi'nde konuştu",2919,2019-03-16,,[],16.03.2019,live_stream,
video_33.mp4,https://www.youtube.com/watch?v=j63buVFTGbU,"Cumhurbaşkanımız Erdoğan, Gaziantep Mitingi'nde konuştu",3606,2019-03-15,,[],15.03.2019,live_stream,
video_34.mp4,https://www.youtube.com/watch?v=juCTQZKUMeI,"Cumhurbaşkanımız Erdoğan, Yenimahalle Mitingi'nde konuştu",2614,2019-03-14,,[],14.03.2019,live_stream,
video_35.mp4,https://www.youtube.com/watch?v=b_a1lM-OAsM,"Cumhurbaşkanımız Erdoğan, Büyükçekmece Mitingi'nde konuştu",935,2019-03-12,,[],12.03.2019,live_stream,
video_36.mp4,https://www.youtube.com/watch?v=8KDsDZH6Pak,"Cumhurbaşkanımız Erdoğan, Beylikdüzü Mitingi'nde konuştu",1213,2019-03-12,,[],12.03.2019,live_stream,
video_37.mp4,https://www.youtube.com/watch?v=wXCjTKTnQ_8,"Cumhurbaşkanımız Erdoğan, Avcılar Mitingi'nde konuştu",624,2019-03-12,,[],12.03.2019,live_stream,
video_38.mp4,https://www.youtube.com/watch?v=3dZS2NhDKcQ,"Cumhurbaşkanımız Erdoğan, Küçükçekmece Mitingi'nde konuştu",818,2019-03-12,,[],12.03.2019,live_stream,
video_39.mp4,https://www.youtube.com/watch?v=Zmijx25_Hag,"Cumhurbaşkanımız Erdoğan, Hakkari  Mitingi'nde konuştu",2852,2019-03-11,,[],11.03.2019,live_stream,
video_40.mp4,https://www.youtube.com/watch?v=UgfVdUPVbOc,"Cumhurbaşkanımız Erdoğan, Şırnak Mitingi'nde konuştu",1567,2019-03-11,,[],11.03.2019,live_stream,
video_41.mp4,https://www.youtube.com/watch?v=pwT8RE-zLl4,"Cumhurbaşkanımız Erdoğan, İskenderun  Mitingi'nde konuştu",2389,2019-03-10,,[],10.03.2019,live_stream,
video_42.mp4,https://www.youtube.com/watch?v=IKEolotLE_E,"Cumhurbaşkanımız Erdoğan, Mersin Mitingi'nde konuştu",3426,2019-03-10,,[],10.03.2019,live_stream,
video_43.mp4,https://www.youtube.com/watch?v=OK7UkC5iKrw,"Cumhurbaşkanımız Erdoğan, Adana Mitingi'nde konuştu",2485,2019-03-10,,[],10.03.2019,live_stream,
video_44.mp4,https://www.youtube.com/watch?v=yhmLZ3pm97c,"Cumhurbaşkanımız Erdoğan, Diyarbakır  Mitingi'nde konuştu",2910,2019-03-09,,[],09.03.2019,live_stream,
video_45.mp4,https://www.youtube.com/watch?v=gmaRTTn7URg,"Cumhurbaşkanımız Erdoğan, Elazığ Mitingi'nde konuştu",3113,2019-03-09,,[],09.03.2019,live_stream,
video_46.mp4,https://www.youtube.com/watch?v=0vaBaicX1OA,"Cumhurbaşkanımız Erdoğan, Şanlıurfa Mitingi'nde konuştu",2376,2019-03-08,,[],08.03.2019,live_stream,
video_47.mp4,https://www.youtube.com/watch?v=xc__U1C8QMQ,"Cumhurbaşkanımız Erdoğan, Siirt Mitingi'nde konuştu",2381,2019-03-07,,[],07.03.2019,live_stream,
video_48.mp4,https://www.youtube.com/watch?v=0AJYjWjxH-k,"Cumhurbaşkanımız Erdoğan, Mardin Mitingi'nde konuştu",1784,2019-03-07,,[],07.03.2019,live_stream,
video_49.mp4,https://www.youtube.com/watch?v=bBDKNgjkzHw,"Cumhurbaşkanımız Erdoğan, Malatya Mitingi'nde konuştu",2756,2019-03-06,,"['Adalet ve kalkınma partisi', 'akp', 'ak parti', 'ak party', 'reklam', '31 mart 2019', 'çevre', 'seçim', 'seçim kampanyası', 'recep tayyip Erdoğan', 'çevreye duyarlı kampanya', 'çevreci kampanya']",,,
video_50.mp4,https://www.youtube.com/watch?v=PJ_A8KLTkoo,"Cumhurbaşkanımız Erdoğan, Esenyurt Mitingi'nde konuştu",2193,2019-03-05,,[],05.03.2019,live_stream,
video_51.mp4,https://www.youtube.com/watch?v=juni_H3UHsY,"Cumhurbaşkanımız Erdoğan, Eyüpsultan Mitingi'nde konuştu",2553,2019-03-05,,[],05.03.2019,live_stream,
video_52.mp4,https://www.youtube.com/watch?v=Y8zRpOhDeYY,"Cumhurbaşkanımız Erdoğan, Sancaktepe Mitingi'nde konuştu",1940,2019-03-05,,[],05.03.2019,live_stream,
video_53.mp4,https://www.youtube.com/watch?v=g1MQ1AiuaUI,"Cumhurbaşkanımız Erdoğan, Bartın Mitingi'nde konuşuyor...",2759,2019-03-04,,[],04.03.2019,live_stream,
video_54.mp4,https://www.youtube.com/watch?v=5qPJh4OGh4M,"Cumhurbaşkanımız Erdoğan, Zonguldak Mitingi'nde konuştu",2408,2019-03-04,,[],04.03.2019,live_stream,
video_55.mp4,https://www.youtube.com/watch?v=tZNJAGvoDOw,"Cumhurbaşkanımız Erdoğan, Samsun Mitingi'nde konuştu",3046,2019-03-03,,[],03.03.2019,live_stream,
video_56.mp4,https://www.youtube.com/watch?v=uMPyOazJut0,"Cumhurbaşkanımız Erdoğan, Ordu Mitingi'nde konuştu",2787,2019-03-03,,[],03.03.2019,live_stream,
video_57.mp4,https://www.youtube.com/watch?v=4NrQNizJCS8,"Cumhurbaşkanımız Erdoğan, Trabzon Mitingi'nde konuştu",3460,2019-03-02,,[],02.03.2019,live_stream,
video_58.mp4,https://www.youtube.com/watch?v=kyXe3WjDAa8,"Cumhurbaşkanımız Erdoğan, Rize Mitingi'nde konuştu",2449,2019-03-02,,[],02.03.2019,live_stream,
video_59.mp4,https://www.youtube.com/watch?v=HTstirYbxrI,"Cumhurbaşkanımız Erdoğan, Erzurum Mitingi'nde konuştu",2362,2019-02-28,,[],28.02.2019,live_stream,
video_60.mp4,https://www.youtube.com/watch?v=NsE_Zo30TzU,"Cumhurbaşkanımız Erdoğan, Erzincan Mitingi'nde konuştu",1680,2019-02-26,,[],26.02.2019,live_stream,
video_61.mp4,https://www.youtube.com/watch?v=sD6LRKSYOv8,"Cumhurbaşkanımız Erdoğan, Giresun Mitingi'nde konuştu",3007,2019-02-26,,[],26.02.2019,live_stream,transcription_61.txt
video_62.mp4,https://www.youtube.com/watch?v=F0wb-cUVE44,"Cumhurbaşkanımız Erdoğan, Tokat Mitingi'nde konuştu",2386,2019-02-25,,[],25.02.2019,live_stream,
video_63.mp4,https://www.youtube.com/watch?v=5QkmvB4oFmY,"Cumhurbaşkanımız Erdoğan, Yozgat Mitingi'nde konuştu",2310,2019-02-25,,[],25.02.2019,live_stream,
video_64.mp4,https://www.youtube.com/watch?v=0ftVKDc-9Wg,"Cumhurbaşkanımız Erdoğan, Hatay Mitingi'nde konuştu",2560,2019-02-24,,[],24.02.2019,live_stream,
video_65.mp4,https://www.youtube.com/watch?v=oJ2HnMKbSBU,"Cumhurbaşkanımız Erdoğan, Kayseri Mitingi'nde konuştu",2194,2019-02-24,,[],24.02.2019,live_stream,transcription_65.txt
video_66.mp4,https://www.youtube.com/watch?v=nIwJ1BcztMQ,"Cumhurbaşkanımız Erdoğan, Kahramanmaraş Mitingi'nde konuştu",2402,2019-02-23,,[],23.02.2019,live_stream,
video_67.mp4,https://www.youtube.com/watch?v=CLH3SvM-zn8,"Cumhurbaşkanımız Erdoğan, Fethiye Mitingi'nde konuştu",1530,2019-02-22,,[],22.02.2019,live_stream,
video_68.mp4,https://www.youtube.com/watch?v=op7PavtkRnY,"Cumhurbaşkanımız Erdoğan, Muğla Mitingi'nde konuştu",2102,2019-02-22,,[],22.02.2019,live_stream,
video_69.mp4,https://www.youtube.com/watch?v=xQgoPUaF9wM,"Cumhurbaşkanımız Erdoğan, Manisa Mitingi'nde konuştu",2450,2019-02-21,,[],21.02.2019,live_stream,
video_70.mp4,https://www.youtube.com/watch?v=z2fHxkpFcYw,"Cumhurbaşkanımız Erdoğan, Denizli Mitingi'nde konuştu",2970,2019-02-21,,[],21.02.2019,live_stream,
video_71.mp4,https://www.youtube.com/watch?v=aP-tONR9TnQ,"Cumhurbaşkanımız Erdoğan, Etimesgut Mitingi'nde konuştu",1372,2019-02-20,,[],20.02.2019,live_stream,
video_72.mp4,https://www.youtube.com/watch?v=vVwsGpeLy4I,"Cumhurbaşkanımız Erdoğan, Birinci Yaşlılık Şurası'nda konuştu",1393,2019-02-20,,[],20.02.2019,live_stream,transcription_72.txt
video_73.mp4,https://www.youtube.com/watch?v=a-L3xxtBS58,"Cumhurbaşkanımız Erdoğan, Isparta Mitingi'nde konuştu",2464,2019-02-18,,[],18.02.2019,live_stream,
video_74.mp4,https://www.youtube.com/watch?v=nUAvMFohzB8,"Cumhurbaşkanımız Erdoğan, Burdur Mitingi'nde konuştu",1988,2019-02-18,,[],18.02.2019,live_stream,
video_75.mp4,https://www.youtube.com/watch?v=hrvXjjq7acA,"Cumhurbaşkanımız Erdoğan, Balıkesir Mitingi'nde konuştu",2571,2019-02-17,,[],17.02.2019,live_stream,
video_76.mp4,https://www.youtube.com/watch?v=gjsDrcxDsfA,"Cumhurbaşkanımız Erdoğan, Ataşehir Mitingi'nde konuştu",1984,2019-02-16,,[],16.02.2019,live_stream,
video_77.mp4,https://www.youtube.com/watch?v=MisWt42RGgE,"Cumhurbaşkanımız Erdoğan, Edirne Mitingi'nde konuştu",2340,2019-02-16,,[],16.02.2019,live_stream,transcription_77.txt
video_78.mp4,https://www.youtube.com/watch?v=GbqC-AJMbhI,"Cumhurbaşkanımız Erdoğan, Bursa  Mitigi'nde konuştu",4176,2019-02-15,,[],15.02.2019,live_stream,
video_79.mp4,https://www.youtube.com/watch?v=iIR-9w7TDHI,"Cumhurbaşkanımız Erdoğan, Çorum Mitingi'nde konuştu",2259,2019-02-12,,[],12.02.2019,live_stream,
video_80.mp4,https://www.youtube.com/watch?v=kSdyJClhMLU,"Cumhurbaşkanımız Erdoğan, Kastamonu Mitingi'nde konuştu",2272,2019-02-12,,[],12.02.2019,live_stream,
video_81.mp4,https://www.youtube.com/watch?v=d--9SWuPMGo,"Cumhurbaşkanımız Erdoğan, Aydın Mitigi'nde konuştu",3915,2019-02-09,,[],09.02.2019,live_stream,
video_82.mp4,https://www.youtube.com/watch?v=QQ0RFHk3uFY,"Cumhurbaşkanımız Erdoğan, Sivas Mitingi'nde konuştu",3390,2019-02-08,,[],08.02.2019,live_stream,
video_83.mp4,https://www.youtube.com/watch?v=PBxoijetRZw,"Cumhurbaşkanımız Erdoğan,Eyüp İlçe Mitinginde konuştu",1497,2018-06-23,,[],23.06.2018,live_stream,
video_84.mp4,https://www.youtube.com/watch?v=Vv2TrQvY5YM,"Cumhurbaşkanımız Erdoğan, Küçükçekmece  ilçe mitinginde konuştu",1810,2018-06-23,,[],23.06.2018,live_stream,
video_85.mp4,https://www.youtube.com/watch?v=HGk6gvoF8uI,"Cumhurbaşkanı Erdoğan, Avcılar  ilçe mitinginde konuştu",1383,2018-06-23,,[],23.06.2018,live_stream,
video_86.mp4,https://www.youtube.com/watch?v=SJzWxJwxkCg,"Cumhurbaşkanı Erdoğan, Beylikdüzü İlçe Mitinginde konuştu",839,2018-06-23,,[],23.06.2018,live_stream,
video_87.mp4,https://www.youtube.com/watch?v=lQhvenzXL_E,"Cumhurbaşkanı Erdoğan, Esenyurt ilçe mitinginde konuştu",1388,2018-06-23,,[],23.06.2018,live_stream,
video_88.mp4,https://www.youtube.com/watch?v=EB4UOgZElBs,"Cumhurbaşkanı Erdoğan, Beyoğlu ilçe mitinginde konuştu",1630,2018-06-23,,"['ak parti', 'adalet ve kalkınma partisi', 'seçim', 'recep tayyip erdoğan']",,,
video_89.mp4,https://www.youtube.com/watch?v=SDZYKvay2fo,"Cumhurbaşkanı Erdoğan, Gaziosmanpaşa İlçe Mitinginde konuştu",1358,2018-06-23,,"['ak parti', 'adalet ve kalkınma partisi', 'seçim', 'recep tayyip erdoğan']",,,
video_90.mp4,https://www.youtube.com/watch?v=VVknAQ0dmek,"Başbakan Yıldırım, Aydın Mitinginde konuştu",807,2018-06-22,,[],22.06.2018,live_stream,
video_91.mp4,https://www.youtube.com/watch?v=lycwzRgSEfc,"Cumhurbaşkanı Erdoğan, Sarıyer ilçe  mitinginde konuştu",1801,2018-06-22,,[],22.06.2018,live_stream,
video_92.mp4,https://www.youtube.com/watch?v=TAlmOPAAM9Q,"Cumhurbaşkanımız Erdoğan, Üsküdar Mitinginde konuştu",1232,2018-06-22,,[],22.06.2018,live_stream,
video_93.mp4,https://www.youtube.com/watch?v=eEAK1R95tNM,"Cumhurbaşkanı Erdoğan, Ataşehir mitinginde konuştu",1437,2018-06-22,,[],22.06.2018,live_stream,
video_94.mp4,https://www.youtube.com/watch?v=pZtQGeCipD8,"Cumhurbaşkanımız Erdoğan, Maltepe mitinginde konuştu",1703,2018-06-22,,[],22.06.2018,live_stream,
video_95.mp4,https://www.youtube.com/watch?v=oyDu5-N6jbo,"Cumhurbaşkanı Erdoğan, Kartal Mitinginde konuştu",1094,2018-06-22,,[],22.06.2018,live_stream,
video_96.mp4,https://www.youtube.com/watch?v=m_s2cBwHwwg,"Cumhurbaşkanımız Erdoğan, Kahramanmaraş mitinginde konuştu #VakitKahramanmaraşVakti",3585,2018-06-21,,[],21.06.2018,live_stream,
video_97.mp4,https://www.youtube.com/watch?v=_F4p2KFKVl4,"Başbakanımız Yıldırım, Keçiören Mitinginde konuştu #VakitAnkaraVakti",710,2018-06-21,,[],21.06.2018,live_stream,
video_98.mp4,https://www.youtube.com/watch?v=nM3DRMAADsM,Başbakanımız Yıldırım İzmir'de halka hitap etti... #VakitİzmirVakti,1341,2018-06-20,,[],20.06.2018,live_stream,
video_99.mp4,https://www.youtube.com/watch?v=1aIbpXa261I,"Cumhurbaşkanımız Erdoğan, Mardin Mitinginde konuştu",2258,2018-06-20,,[],20.06.2018,live_stream,
video_100.mp4,https://www.youtube.com/watch?v=oMP9Hf1nQzk,"Cumhurbaşkanımız Erdoğan, Şanlıurfa Mitinginde konuştu",2048,2018-06-20,,[],20.06.2018,live_stream,
video_101.mp4,https://www.youtube.com/watch?v=5kPXAjppp5I,"Başbakan Yıldırım, İzmir’de halka hitap etti",2025,2018-06-20,,"['ak parti', 'adalet ve kalkınma partisi', 'politika', 'seçim', 'recep tayyip erdoğan', 'hizmet']",,,
video_102.mp4,https://www.youtube.com/watch?v=xNaZ9PwPVO8,"Cumhurbaşkanı Erdoğan, Adana Mitinginde konuştu",1592,2018-06-19,,[],19.06.2018,live_stream,
video_103.mp4,https://www.youtube.com/watch?v=Xn6kc7bxtGw,"Cumhurbaşkanı Erdoğan, Van Mitinginde konuştu",2244,2018-06-19,,[],19.06.2018,live_stream,
video_104.mp4,https://www.youtube.com/watch?v=KBqOLxcIATE,"Başbakanımız Yıldırım, Bayraklı‘da halka hitap etti",1046,2018-06-18,,[],18.06.2018,live_stream,
video_105.mp4,https://www.youtube.com/watch?v=vtJAVhCBocM,"Cumhurbaşkanı Erdoğan, Ordu Mitinginde konuştu",1679,2018-06-18,,[],18.06.2018,live_stream,
video_106.mp4,https://www.youtube.com/watch?v=BnzB07Vvtt0,"Cumhurbaşkanı Erdoğan, Samsun Mitinginde konuştu",2228,2018-06-18,,[],18.06.2018,live_stream,
video_107.mp4,https://www.youtube.com/watch?v=ZgO1lVWXLz8,"Başbakan Yıldırım, Bağcılar Mitinginde konuştu",249,2018-06-18,,"['ak parti', 'adalet ve kalkınma partisi', 'politika', 'seçim', 'recep tayyip erdoğan', 'hizmet']",,,
video_108.mp4,https://www.youtube.com/watch?v=64cEjZlDgZY,"Cumhurbaşkanı Erdoğan , İstanbul Mitinginde konuştu",4939,2018-06-17,,[],17.06.2018,live_stream,
video_109.mp4,https://www.youtube.com/watch?v=OtmcZtNROXE,"Başbakan Yıldırım, İstanbul Mitinginde konuştu",719,2018-06-17,,[],17.06.2018,live_stream,
video_110.mp4,https://www.youtube.com/watch?v=zMswTCZsPAs,"Cumhurbaşkanı Erdoğan, Antalya Mitinginde konuştu",2618,2018-06-16 00:00:00,,[],16.06.2018,live_stream,
video_111.mp4,https://www.youtube.com/watch?v=87be8mJYVUs,"Başbakan Yıldırım, Sivas mitinginde konuştu",1382,2018-06-16 00:00:00,,"['ak parti', 'adalet ve kalkınma partisi', 'recep tayyip erdoğan']",,,
video_112.mp4,https://www.youtube.com/watch?v=_G23uDskSmA,"Başbakan Yıldırım, Tokat mitinginde konuştu",1756,2018-06-16 00:00:00,,[],16.06.2018,live_stream,
video_113.mp4,https://www.youtube.com/watch?v=LyNnRjg-H8s,"Cumhurbaşkanı Erdoğan, Yalova Mitinginde konuştu",2460,2018-06-14 00:00:00,,[],14.06.2018,live_stream,
video_114.mp4,https://www.youtube.com/watch?v=2ZAgiC9_5cE,"Başbakan Yıldırım, Sultanbeyli Mitinginde halka hitap etti",177,2018-06-14 00:00:00,,[],14.06.2018,live_stream,
video_115.mp4,https://www.youtube.com/watch?v=QrU6bMGKygE,"Cumhurbaşkanı Erdoğan, Rize Mitinginde konuştu",1402,2018-06-13 00:00:00,,[],13.06.2018,live_stream,
video_116.mp4,https://www.youtube.com/watch?v=lHTp9PCv_es,"Başbakan Yıldırım, Gümüşhane Mitinginde konuştu",1464,2018-06-13 00:00:00,,"['ak parti', 'adalet ve kalkınma partisi', 'recep tayyip erdoğan']",,,
video_117.mp4,https://www.youtube.com/watch?v=Kmq_adTIW1o,"Cumhurbaşkanı Erdoğan, Trabzon Mitinginde konuştu",1861,2018-06-13 00:00:00,,[],13.06.2018,live_stream,
video_118.mp4,https://www.youtube.com/watch?v=nGHB4qadGW8,"Başbakan Yıldırım, Bayburt Mitinginde konuştu",569,2018-06-13 00:00:00,,[],13.06.2018,live_stream,
video_119.mp4,https://www.youtube.com/watch?v=qNiAhvKv75A,"Başbakan Yıldırım, Kırıkkale Mitinginde konuştu",1720,2018-06-12 00:00:00,,[],12.06.2018,live_stream,
video_120.mp4,https://www.youtube.com/watch?v=rJbHAjFhbRs,"Başbakanımız Yıldırım, Çankırı Mitinginde konuştu",2002,2018-06-12 00:00:00,,[],12.06.2018,live_stream,
video_121.mp4,https://www.youtube.com/watch?v=lF6byd48kW0,"Cumhurbaşkanı Erdoğan, Eskişehir Mitinginde konuştu",2616,2018-06-12 00:00:00,,[],12.06.2018,live_stream,
video_122.mp4,https://www.youtube.com/watch?v=6dCLyP4bai8,"Cumhurbaşkanımız Erdoğan, Bursa Mitinginde konuştu",2368,2018-06-11 00:00:00,,[],11.06.2018,live_stream,
video_123.mp4,https://www.youtube.com/watch?v=ImyO8IZ_zsg,"Başbakan Yıldırım, Uşak Mitinginde konuştu",2448,2018-06-11 00:00:00,,[],11.06.2018,live_stream,
video_124.mp4,https://www.youtube.com/watch?v=-zgF8mf4D-I,"Cumhurbaşkanı Erdoğan, Niğde Mitinginde konuştu",2443,2018-06-11 00:00:00,,[],11.06.2018,live_stream,
video_125.mp4,https://www.youtube.com/watch?v=RxBUYirvRtQ,"Cumhurbaşkanı Erdoğan, Kocaeli Mitinginde konuştu",2675,2018-06-10 00:00:00,,[],10.06.2018,live_stream,
video_126.mp4,https://www.youtube.com/watch?v=JHpRVvdMePo,"Cumhurbaşkanımız Erdoğan, Denizli Mitinginde konuştu",2243,2018-06-10 00:00:00,,[],10.06.2018,live_stream,
video_127.mp4,https://www.youtube.com/watch?v=Wd1ZdhTwvTo,"Cumhurbaşkanı Erdoğan, Ankara Mitinginde konuştu",2537,2018-06-09 00:00:00,,[],09.06.2018,live_stream,
video_128.mp4,https://www.youtube.com/watch?v=RO8_d4Dxhvw,"Cumhurbaşkanı Erdoğan, Kayseri Mitinginde konuştu",2245,2018-06-08 00:00:00,,[],08.06.2018,live_stream,
video_129.mp4,https://www.youtube.com/watch?v=Ix7dnInO5A4,"Başbakanımız Yıldırım, Muş Mitinginde konuştu",1705,2018-06-08 00:00:00,,[],08.06.2018,live_stream,transcription_129.txt
video_130.mp4,https://www.youtube.com/watch?v=5HGlZ7bStBs,"Cumhurbaşkanı Erdoğan, Nevşehir Mitinginde konuştu",2238,2018-06-08 00:00:00,,[],08.06.2018,live_stream,
video_131.mp4,https://www.youtube.com/watch?v=0NZzYtBNTtY,"Cumhurbaşkanımız Erdoğan, Hatay Mitinginde konuştu #VakitHatayVakti",2461,2018-06-07 00:00:00,,[],07.06.2018,live_stream,
video_132.mp4,https://www.youtube.com/watch?v=9EdzR9XN4TQ,"Başbakan Yıldırım, Ardahan Mitinginde konuştu",1393,2018-06-07 00:00:00,,['adalet ve kalkınma partisi'],,,
video_133.mp4,https://www.youtube.com/watch?v=ELe4ghB3Apw,"Cumhurbaşkanımız Erdoğan, Mersin Mitinginde konuştu",2380,2018-06-07 00:00:00,,[],07.06.2018,live_stream,transcription_133.txt
video_134.mp4,https://www.youtube.com/watch?v=JLXhfcZ_ZbU,"Başbakan Yıldırım, Kars Mitinginde konuştu",1930,2018-06-07 00:00:00,,[],07.06.2018,live_stream,transcription_134.txt
video_135.mp4,https://www.youtube.com/watch?v=BCskbPreNNE,"Cumhurbaşkanı Erdoğan, Muğla Mitinginde konuştu",2943,2018-06-06 00:00:00,,[],06.06.2018,live_stream,
video_136.mp4,https://www.youtube.com/watch?v=v1KBBg9n0vE,"Başbakan Yıldırım, Ağrı Mitinginde konuştu",1662,2018-06-06 00:00:00,,[],06.06.2018,live_stream,transcription_136.txt
video_137.mp4,https://www.youtube.com/watch?v=mQeB239x_ZM,"Cumhurbaşkanı Erdoğan, Ereğli İlçe Mitinginde konuştu",998,2018-06-05 00:00:00,,[],05.06.2018,live_stream,
video_138.mp4,https://www.youtube.com/watch?v=bzwigUJkFC8,"Cumhurbaşkanı Erdoğan, Zonguldak Mitinginde konuştu",2129,2018-06-05 00:00:00,,[],05.06.2018,live_stream,
video_139.mp4,https://www.youtube.com/watch?v=_lhdAEqdmGg,"Başbakan Yıldırım, Van Mitinginde konuştu",1900,2018-06-05 00:00:00,,[],05.06.2018,live_stream,
video_140.mp4,https://www.youtube.com/watch?v=XsM_Xc0Kecs,"Cumhurbaşkanı Erdoğan, Sakarya Mitinginde konuştu",2097,2018-06-05 00:00:00,,[],05.06.2018,live_stream,
video_141.mp4,https://www.youtube.com/watch?v=Q3NxwkSUB3Y,"Başbakan Yıldırım, Hakkari Mitinginde konuştu",2063,2018-06-05 00:00:00,,[],05.06.2018,live_stream,
video_142.mp4,https://www.youtube.com/watch?v=UH8sR7VmilU,"Cumhurbaşkanı Erdoğan, Diyarbakır Mitinginde konuştu",2318,2018-06-03 00:00:00,,[],03.06.2018,live_stream,
video_143.mp4,https://www.youtube.com/watch?v=mLwvDXXpICw,"Başbakan Yıldırım, Karabük Mitinginde konuştu",1616,2018-06-03 00:00:00,,[],03.06.2018,live_stream,
video_144.mp4,https://www.youtube.com/watch?v=RwNOSXycz7M,"Başbakan Yıldırım, Kastamonu Mitinginde konuştu",1919,2018-06-03 00:00:00,,[],03.06.2018,live_stream,
video_145.mp4,https://www.youtube.com/watch?v=J3N3BI95f_E,"Cumhurbaşkanı Erdoğan, Aksaray Mitinginde konuştu",1920,2018-06-02 00:00:00,,[],02.06.2018,live_stream,
video_146.mp4,https://www.youtube.com/watch?v=ke7JMsG4VJ8,"Başbakan Yıldırım, Düzce Mitinginde konuştu",417,2018-06-02 00:00:00,,[],02.06.2018,live_stream,
video_147.mp4,https://www.youtube.com/watch?v=COMl-2S_n-4,"Cumhurbaşkanı Erdoğan, Konya Mitinginde konuştu",2574,2018-06-02 00:00:00,,[],02.06.2018,live_stream,
video_148.mp4,https://www.youtube.com/watch?v=q-739JgH4Cs,"Başbakan Yıldırım, Bolu Mitinginde konuştu",2000,2018-06-02 00:00:00,,[],02.06.2018,live_stream,
video_149.mp4,https://www.youtube.com/watch?v=p1GtGHZSDzU,"Başbakan Yıldırım, Batman Mitinginde konuştu",2100,2018-06-01 00:00:00,,[],01.06.2018,live_stream,
video_150.mp4,https://www.youtube.com/watch?v=e9q5L2KzDGQ,"Cumhurbaşkanı Erdoğan, Adıyaman Mitinginde konuştu",2184,2018-06-01 00:00:00,,[],01.06.2018,live_stream,
video_151.mp4,https://www.youtube.com/watch?v=qG7ay9y0TrA,"Başbakan Yıldırım, Elazığ Mitinginde konuştu",1440,2018-06-01 00:00:00,,[],01.06.2018,live_stream,
video_152.mp4,https://www.youtube.com/watch?v=3y9LIlBr8i4,Başbakan Yıldırım Giresun Mitinginde konuştu,2004,2018-05-31 00:00:00,,[],31.05.2018,live_stream,
video_153.mp4,https://www.youtube.com/watch?v=M_IpOt81B_M,"Cumhurbaşkanı Erdoğan, Çorlu Mitinginde konuştu",2982,2018-05-29 00:00:00,,[],29.05.2018,live_stream,
video_154.mp4,https://www.youtube.com/watch?v=rWgtzqcaVKs,"Başbakan Yıldırım, Siirt Mitinginde konuştu",1304,2018-05-29 00:00:00,,[],29.05.2018,live_stream,
video_155.mp4,https://www.youtube.com/watch?v=ThbqapSFXNo,"Cumhurbaşkanı Erdoğan, İstanbul Aday Tanıtım Programı‘nda konuştu",2024,2018-05-29 00:00:00,,[],29.05.2018,live_stream,
video_156.mp4,https://www.youtube.com/watch?v=JUZeNTQjuig,"Cumhurbaşkanı Erdoğan, Manisa Mitinginde konuştu… #VakitManisaVakti",2533,2018-05-28 00:00:00,,[],28.05.2018,live_stream,
video_157.mp4,https://www.youtube.com/watch?v=NJqbA8N6Mqc,"Cumhurbaşkanımız Erdoğan, Balıkesir mitinginde konuştu… #VakitBalıkesirVakti",2407,2018-05-27 00:00:00,,[],27.05.2018,live_stream,
video_158.mp4,https://www.youtube.com/watch?v=WnlXcgiyRvE,"Başbakan Yıldırım, Balıkesir mitinginde konuştu #VakitBalıkesirVakti",1101,2018-05-27 00:00:00,,[],27.05.2018,live_stream,
video_159.mp4,https://www.youtube.com/watch?v=1RvuJ_RrApI,"Cumhurbaşkanı Erdoğan, Isparta mitinginde konuştu #VakitIspartaVakti",2767,2018-05-27 00:00:00,,[],27.05.2018,live_stream,
video_160.mp4,https://www.youtube.com/watch?v=dchK58akKVA,"Başbakan Yıldırım, Isparta mitinginde konuştu #VakitIspartaVakti",902,2018-05-27 00:00:00,,[],27.05.2018,live_stream,
video_161.mp4,https://www.youtube.com/watch?v=Sycv3ZkdCYc,"Cumhurbaşkanı Erdoğan, Erzurum Mitinginde konuştu #VakitErzurumVakti",3867,2018-05-26 00:00:00,,[],26.05.2018,live_stream,
video_162.mp4,https://www.youtube.com/watch?v=_ezGpekBiAs,"Başbakanımız Yıldırım, Erzurum Mitinginde konuştu…#VakitErzurumVakti",1231,2018-05-26 00:00:00,,[],26.05.2018,live_stream,
video_163.mp4,https://www.youtube.com/watch?v=tmulpkVL4mc,"Başbakan Yıldırım, Diyarbakır Mitingi’nde konuştu",692,2018-05-20 00:00:00,,[],20.05.2018,live_stream,
video_164.mp4,https://www.youtube.com/watch?v=5VVvkpV-JIo,"Cumhurbaşkanı Erdoğan, Kudüs’e Destek Mitingi’nde konuştu",2360,2018-05-18 00:00:00,,[],18.05.2018,live_stream,
video_165.mp4,https://www.youtube.com/watch?v=SBMcz3vlicc,"Başbakan Yıldırım, Kudüs’e Destek Mitingi’nde konuştu",662,2018-05-18 00:00:00,,[],18.05.2018,live_stream,
video_166.mp4,https://www.youtube.com/watch?v=eoVzxwai2Zo,"Başbakan Yıldırım, Bilecik Evet Diyor Mitingi'nde konuştu",1580,2017-04-13 00:00:00,"AK Parti YouTube kanalına abone olun: https://goo.gl/2S1mzm

AK İcraatlar: https://goo.gl/n4rP4E
Yeni Türkiye: https://goo.gl/p4qlYl
Mitingler: https://goo.gl/QgNm9V

http://www.akparti.org.tr

Sosyal Medya Hesaplarımız:

Twitter: https://twitter.com/akparti
Facebook: https://www.facebook.com/akparti","['ak parti', 'akp', 'adalet ve kalkınma partisi', 'politika', 'seçim', 'recep tayyip erdoğan', 'hizmet', 'yeni türkiyeAhmet DavutoğluOnlar Konuşur AK Parti Yaparikinci Yarı BaşlıyorBize Millet Yeter']",,,
video_167.mp4,https://www.youtube.com/watch?v=-9dC5EZBxOA,"Başbakan Yıldırım, Kütahya Evet Diyor Mitingi'nde konuştu",2213,2017-04-13 00:00:00,"AK Parti YouTube kanalına abone olun: https://goo.gl/2S1mzm

AK İcraatlar: https://goo.gl/n4rP4E
Yeni Türkiye: https://goo.gl/p4qlYl
Mitingler: https://goo.gl/QgNm9V

http://www.akparti.org.tr

Sosyal Medya Hesaplarımız:

Twitter: https://twitter.com/akparti
Facebook: https://www.facebook.com/akparti","['ak parti', 'akp', 'adalet ve kalkınma partisi', 'politika', 'seçim', 'recep tayyip erdoğan', 'hizmet', 'yeni türkiyeAhmet DavutoğluOnlar Konuşur AK Parti Yaparikinci Yarı BaşlıyorBize Millet Yeter']",,,
video_168.mp4,https://www.youtube.com/watch?v=01a7K-Mbo3c,"Başbakan Yıldırım, Aydın Evet Diyor Mitingi'nde konuştu",2746,2017-04-10 00:00:00,"AK Parti YouTube kanalına abone olun: https://goo.gl/2S1mzm

AK İcraatlar: https://goo.gl/n4rP4E
Yeni Türkiye: https://goo.gl/p4qlYl
Mitingler: https://goo.gl/QgNm9V

http://www.akparti.org.tr

Sosyal Medya Hesaplarımız:

Twitter: https://twitter.com/akparti
Facebook: https://www.facebook.com/akparti","['ak parti', 'akp', 'adalet ve kalkınma partisi', 'politika', 'seçim', 'recep tayyip erdoğan', 'hizmet', 'yeni türkiyeAhmet DavutoğluOnlar Konuşur AK Parti Yaparikinci Yarı BaşlıyorBize Millet Yeter']",,,
video_169.mp4,https://www.youtube.com/watch?v=Bdsyc32Imtw,"Başbakan Yıldırım, Büyük İzmir Mitingi'nde konuştu",2130,2017-04-09 00:00:00,"AK Parti YouTube kanalına abone olun: https://goo.gl/2S1mzm

AK İcraatlar: https://goo.gl/n4rP4E
Yeni Türkiye: https://goo.gl/p4qlYl
Mitingler: https://goo.gl/QgNm9V

http://www.akparti.org.tr

Sosyal Medya Hesaplarımız:

Twitter: https://twitter.com/akparti
Facebook: https://www.facebook.com/akparti","['ak parti', 'akp', 'adalet ve kalkınma partisi', 'politika', 'seçim', 'recep tayyip erdoğan', 'hizmet', 'yeni türkiyeAhmet DavutoğluOnlar Konuşur AK Parti Yaparikinci Yarı BaşlıyorBize Millet Yeter']",,,
video_170.mp4,https://www.youtube.com/watch?v=CRJAu05XJZQ,"Başbakan Yıldırım, Büyük İstanbul Mitingi'nde konuştu",1401,2017-04-08 00:00:00,"AK Parti YouTube kanalına abone olun: https://goo.gl/2S1mzm

AK İcraatlar: https://goo.gl/n4rP4E
Yeni Türkiye: https://goo.gl/p4qlYl
Mitingler: https://goo.gl/QgNm9V

http://www.akparti.org.tr

Sosyal Medya Hesaplarımız:

Twitter: https://twitter.com/akparti
Facebook: https://www.facebook.com/akparti","['ak parti', 'akp', 'adalet ve kalkınma partisi', 'politika', 'seçim', 'recep tayyip erdoğan', 'hizmet', 'yeni türkiyeAhmet DavutoğluOnlar Konuşur AK Parti Yaparikinci Yarı BaşlıyorBize Millet Yeter']",,,
video_171.mp4,https://www.youtube.com/watch?v=VG_HkxT6LzU,"Başbakan Yıldırım, Osmaniye Evet Diyor Mitingi’nde konuştu",2772,2017-04-06 00:00:00,"AK Parti YouTube kanalına abone olun: https://goo.gl/2S1mzm

AK İcraatlar: https://goo.gl/n4rP4E
Yeni Türkiye: https://goo.gl/p4qlYl
Mitingler: https://goo.gl/QgNm9V

http://www.akparti.org.tr

Sosyal Medya Hesaplarımız:

Twitter: https://twitter.com/akparti
Facebook: https://www.facebook.com/akparti","['ak parti', 'akp', 'adalet ve kalkınma partisi', 'politika', 'seçim', 'recep tayyip erdoğan', 'hizmet', 'yeni türkiyeAhmet DavutoğluOnlar Konuşur AK Parti Yaparikinci Yarı BaşlıyorBize Millet Yeter']",,,
video_172.mp4,https://www.youtube.com/watch?v=7hJWWUB8Mb8,"Başbakan Yıldırım, Kilis Evet Diyor Mitingi’nde konuştu",2241,2017-04-06 00:00:00,"AK Parti YouTube kanalına abone olun: https://goo.gl/2S1mzm

AK İcraatlar: https://goo.gl/n4rP4E
Yeni Türkiye: https://goo.gl/p4qlYl
Mitingler: https://goo.gl/QgNm9V

http://www.akparti.org.tr

Sosyal Medya Hesaplarımız:

Twitter: https://twitter.com/akparti
Facebook: https://www.facebook.com/akparti","['ak parti', 'akp', 'adalet ve kalkınma partisi', 'politika', 'seçim', 'recep tayyip erdoğan', 'hizmet', 'yeni türkiyeAhmet DavutoğluOnlar Konuşur AK Parti Yaparikinci Yarı BaşlıyorBize Millet Yeter']",,,
video_173.mp4,https://www.youtube.com/watch?v=QE3ZzWhakfs,"Başbakan Yıldırım, Kırıkkale Evet Diyor Mitingi’nde konuştu",2051,2017-04-04 00:00:00,"AK Parti YouTube kanalına abone olun: https://goo.gl/2S1mzm

AK İcraatlar: https://goo.gl/n4rP4E
Yeni Türkiye: https://goo.gl/p4qlYl
Mitingler: https://goo.gl/QgNm9V

http://www.akparti.org.tr

Sosyal Medya Hesaplarımız:

Twitter: https://twitter.com/akparti
Facebook: https://www.facebook.com/akparti","['ak parti', 'akp', 'adalet ve kalkınma partisi', 'politika', 'seçim', 'recep tayyip erdoğan', 'hizmet', 'yeni türkiyeAhmet DavutoğluOnlar Konuşur AK Parti Yaparikinci Yarı BaşlıyorBize Millet Yeter']",,,
video_174.mp4,https://www.youtube.com/watch?v=VcieklkYMZg,"Başbakan Yıldırım, Yozgat Evet Diyor Mitingi'nde konuştu",3184,2017-04-04 00:00:00,"AK Parti YouTube kanalına abone olun: https://goo.gl/2S1mzm

AK İcraatlar: https://goo.gl/n4rP4E
Yeni Türkiye: https://goo.gl/p4qlYl
Mitingler: https://goo.gl/QgNm9V

http://www.akparti.org.tr

Sosyal Medya Hesaplarımız:

Twitter: https://twitter.com/akparti
Facebook: https://www.facebook.com/akparti","['ak parti', 'akp', 'adalet ve kalkınma partisi', 'politika', 'seçim', 'recep tayyip erdoğan', 'hizmet', 'yeni türkiyeAhmet DavutoğluOnlar Konuşur AK Parti Yaparikinci Yarı BaşlıyorBize Millet Yeter']",,,
video_175.mp4,https://www.youtube.com/watch?v=X6NMjI_9dzQ,"Başbakan Yıldırım, Kayseri Evet Diyor Mitingi’nde konuştu",2111,2017-04-02 00:00:00,"AK Parti YouTube kanalına abone olun: https://goo.gl/2S1mzm

AK İcraatlar: https://goo.gl/n4rP4E
Yeni Türkiye: https://goo.gl/p4qlYl
Mitingler: https://goo.gl/QgNm9V

http://www.akparti.org.tr

Sosyal Medya Hesaplarımız:

Twitter: https://twitter.com/akparti
Facebook: https://www.facebook.com/akparti","['ak parti', 'akp', 'adalet ve kalkınma partisi', 'politika', 'seçim', 'recep tayyip erdoğan', 'hizmet', 'yeni türkiyeAhmet DavutoğluOnlar Konuşur AK Parti Yaparikinci Yarı BaşlıyorBize Millet Yeter']",,,
video_176.mp4,https://www.youtube.com/watch?v=hc3D0ph-WYc,"Başbakan Yıldırım, Ankara'da Toplu Açılış Töreni'nde konuştu",707,2017-04-02 00:00:00,"AK Parti YouTube kanalına abone olun: https://goo.gl/2S1mzm

AK İcraatlar: https://goo.gl/n4rP4E
Yeni Türkiye: https://goo.gl/p4qlYl
Mitingler: https://goo.gl/QgNm9V

http://www.akparti.org.tr

Sosyal Medya Hesaplarımız:

Twitter: https://twitter.com/akparti
Facebook: https://www.facebook.com/akparti","['ak parti', 'akp', 'adalet ve kalkınma partisi', 'politika', 'seçim', 'recep tayyip erdoğan', 'hizmet', 'yeni türkiyeAhmet DavutoğluOnlar Konuşur AK Parti Yaparikinci Yarı BaşlıyorBize Millet Yeter']",,,
video_177.mp4,https://www.youtube.com/watch?v=nP973z03Kok,"Başbakan Yıldırım, Van'da Toplu Açılış Töreni'nde konuştu",3298,2017-04-01 00:00:00,"AK Parti YouTube kanalına abone olun: https://goo.gl/2S1mzm

AK İcraatlar: https://goo.gl/n4rP4E
Yeni Türkiye: https://goo.gl/p4qlYl
Mitingler: https://goo.gl/QgNm9V

http://www.akparti.org.tr

Sosyal Medya Hesaplarımız:

Twitter: https://twitter.com/akparti
Facebook: https://www.facebook.com/akparti","['ak parti', 'akp', 'adalet ve kalkınma partisi', 'politika', 'seçim', 'recep tayyip erdoğan', 'hizmet', 'yeni türkiyeAhmet DavutoğluOnlar Konuşur AK Parti Yaparikinci Yarı BaşlıyorBize Millet Yeter']",,,
video_178.mp4,https://www.youtube.com/watch?v=ltUWVRM9vRY,"Başbakan Yıldırım, Ağrı Evet Diyor Mitingi’nde konuştu",2713,2017-03-31 00:00:00,"AK Parti YouTube kanalına abone olun: https://goo.gl/2S1mzm

AK İcraatlar: https://goo.gl/n4rP4E
Yeni Türkiye: https://goo.gl/p4qlYl
Mitingler: https://goo.gl/QgNm9V

http://www.akparti.org.tr

Sosyal Medya Hesaplarımız:

Twitter: https://twitter.com/akparti
Facebook: https://www.facebook.com/akparti","['ak parti', 'akp', 'adalet ve kalkınma partisi', 'politika', 'seçim', 'recep tayyip erdoğan', 'hizmet', 'yeni türkiyeAhmet DavutoğluOnlar Konuşur AK Parti Yaparikinci Yarı BaşlıyorBize Millet Yeter']",,,
video_179.mp4,https://www.youtube.com/watch?v=ysKSj1WORds,"Başbakan Yıldırım, Kars Evet Diyor Mitingi’nde konuştu",2261,2017-03-31 00:00:00,"AK Parti YouTube kanalına abone olun: https://goo.gl/2S1mzm

AK İcraatlar: https://goo.gl/n4rP4E
Yeni Türkiye: https://goo.gl/p4qlYl
Mitingler: https://goo.gl/QgNm9V

http://www.akparti.org.tr

Sosyal Medya Hesaplarımız:

Twitter: https://twitter.com/akparti
Facebook: https://www.facebook.com/akparti","['ak parti', 'akp', 'adalet ve kalkınma partisi', 'politika', 'seçim', 'recep tayyip erdoğan', 'hizmet', 'yeni türkiyeAhmet DavutoğluOnlar Konuşur AK Parti Yaparikinci Yarı BaşlıyorBize Millet Yeter']",,,
video_180.mp4,https://www.youtube.com/watch?v=Hv_t4KCzGYA,"Başbakan Yıldırım, Edirne Evet Diyor Mitingi'nde konuştu",2449,2017-03-30 00:00:00,"AK Parti YouTube kanalına abone olun: https://goo.gl/2S1mzm

AK İcraatlar: https://goo.gl/n4rP4E
Yeni Türkiye: https://goo.gl/p4qlYl
Mitingler: https://goo.gl/QgNm9V

http://www.akparti.org.tr

Sosyal Medya Hesaplarımız:

Twitter: https://twitter.com/akparti
Facebook: https://www.facebook.com/akparti","['ak parti', 'akp', 'adalet ve kalkınma partisi', 'politika', 'seçim', 'recep tayyip erdoğan', 'hizmet', 'yeni türkiyeAhmet DavutoğluOnlar Konuşur AK Parti Yaparikinci Yarı BaşlıyorBize Millet Yeter']",,,
video_181.mp4,https://www.youtube.com/watch?v=QrPDnWkNFMw,"Başbakan Yıldırım, Karaman Evet Diyor Mitingi'nde konuştu",2822,2017-03-28 00:00:00,"AK Parti YouTube kanalına abone olun: https://goo.gl/2S1mzm

AK İcraatlar: https://goo.gl/n4rP4E
Yeni Türkiye: https://goo.gl/p4qlYl
Mitingler: https://goo.gl/QgNm9V

http://www.akparti.org.tr

Sosyal Medya Hesaplarımız:

Twitter: https://twitter.com/akparti
Facebook: https://www.facebook.com/akparti","['ak parti', 'akp', 'adalet ve kalkınma partisi', 'politika', 'seçim', 'recep tayyip erdoğan', 'hizmet', 'yeni türkiyeAhmet DavutoğluOnlar Konuşur AK Parti Yaparikinci Yarı BaşlıyorBize Millet Yeter']",,,
video_182.mp4,https://www.youtube.com/watch?v=w6h0kENQpbQ,"Başbakan Yıldırım, Muğla Evet Diyor Mitingi'nde konuştu",2326,2017-03-26 00:00:00,"AK Parti YouTube kanalına abone olun: https://goo.gl/2S1mzm

AK İcraatlar: https://goo.gl/n4rP4E
Yeni Türkiye: https://goo.gl/p4qlYl
Mitingler: https://goo.gl/QgNm9V

http://www.akparti.org.tr

Sosyal Medya Hesaplarımız:

Twitter: https://twitter.com/akparti
Facebook: https://www.facebook.com/akparti","['ak parti', 'akp', 'adalet ve kalkınma partisi', 'politika', 'seçim', 'recep tayyip erdoğan', 'hizmet', 'yeni türkiyeAhmet DavutoğluOnlar Konuşur AK Parti Yaparikinci Yarı BaşlıyorBize Millet Yeter']",,,
video_183.mp4,https://www.youtube.com/watch?v=b3SvfwJDucM,"Başbakan Yıldırım, Uşak Evet Diyor Mitingi’nde konuştu",3388,2017-03-26 00:00:00,"AK Parti YouTube kanalına abone olun: https://goo.gl/2S1mzm

AK İcraatlar: https://goo.gl/n4rP4E
Yeni Türkiye: https://goo.gl/p4qlYl
Mitingler: https://goo.gl/QgNm9V

http://www.akparti.org.tr

Sosyal Medya Hesaplarımız:

Twitter: https://twitter.com/akparti
Facebook: https://www.facebook.com/akparti","['ak parti', 'akp', 'adalet ve kalkınma partisi', 'politika', 'seçim', 'recep tayyip erdoğan', 'hizmet', 'yeni türkiyeAhmet DavutoğluOnlar Konuşur AK Parti Yaparikinci Yarı BaşlıyorBize Millet Yeter']",,,
video_184.mp4,https://www.youtube.com/watch?v=f4NLNKqkvn8,"Başbakan Yıldırım, Siirt Evet Diyor Mitingi’nde konuştu",2473,2017-03-25 00:00:00,"AK Parti YouTube kanalına abone olun: https://goo.gl/2S1mzm

AK İcraatlar: https://goo.gl/n4rP4E
Yeni Türkiye: https://goo.gl/p4qlYl
Mitingler: https://goo.gl/QgNm9V

http://www.akparti.org.tr

Sosyal Medya Hesaplarımız:

Twitter: https://twitter.com/akparti
Facebook: https://www.facebook.com/akparti","['ak parti', 'akp', 'adalet ve kalkınma partisi', 'politika', 'seçim', 'recep tayyip erdoğan', 'hizmet', 'yeni türkiyeAhmet DavutoğluOnlar Konuşur AK Parti Yaparikinci Yarı BaşlıyorBize Millet Yeter']",,,
video_185.mp4,https://www.youtube.com/watch?v=7YhPqaRz3GE,"Başbakan Yıldırım, Bitlis EVET Diyor Mitingi’nde konuştu",2037,2017-03-25 00:00:00,"AK Parti YouTube kanalına abone olun: https://goo.gl/2S1mzm

AK İcraatlar: https://goo.gl/n4rP4E
Yeni Türkiye: https://goo.gl/p4qlYl
Mitingler: https://goo.gl/QgNm9V

http://www.akparti.org.tr

Sosyal Medya Hesaplarımız:

Twitter: https://twitter.com/akparti
Facebook: https://www.facebook.com/akparti","['ak parti', 'akp', 'adalet ve kalkınma partisi', 'politika', 'seçim', 'recep tayyip erdoğan', 'hizmet', 'yeni türkiyeAhmet DavutoğluOnlar Konuşur AK Parti Yaparikinci Yarı BaşlıyorBize Millet Yeter']",,,
video_186.mp4,https://www.youtube.com/watch?v=lTyiiO4tYHk,"Başbakan Yıldırım, Isparta EVET Diyor Mitingi’nde konuştu",1961,2017-03-24 00:00:00,"AK Parti YouTube kanalına abone olun: https://goo.gl/2S1mzm

AK İcraatlar: https://goo.gl/n4rP4E
Yeni Türkiye: https://goo.gl/p4qlYl
Mitingler: https://goo.gl/QgNm9V

http://www.akparti.org.tr

Sosyal Medya Hesaplarımız:

Twitter: https://twitter.com/akparti
Facebook: https://www.facebook.com/akparti","['ak parti', 'akp', 'adalet ve kalkınma partisi', 'politika', 'seçim', 'recep tayyip erdoğan', 'hizmet', 'yeni türkiyeAhmet DavutoğluOnlar Konuşur AK Parti Yaparikinci Yarı BaşlıyorBize Millet Yeter']",,,
video_187.mp4,https://www.youtube.com/watch?v=Vi6Eh3NUp58,"Başbakan Yıldırım, Batman Evet Diyor Mitingi’nde konuştu",1967,2017-03-23 00:00:00,"AK Parti YouTube kanalına abone olun: https://goo.gl/2S1mzm

AK İcraatlar: https://goo.gl/n4rP4E
Yeni Türkiye: https://goo.gl/p4qlYl
Mitingler: https://goo.gl/QgNm9V

http://www.akparti.org.tr

Sosyal Medya Hesaplarımız:

Twitter: https://twitter.com/akparti
Facebook: https://www.facebook.com/akparti","['ak parti', 'akp', 'adalet ve kalkınma partisi', 'politika', 'seçim', 'recep tayyip erdoğan', 'hizmet', 'yeni türkiyeAhmet DavutoğluOnlar Konuşur AK Parti Yaparikinci Yarı BaşlıyorBize Millet Yeter']",,,
video_188.mp4,https://www.youtube.com/watch?v=AtQs05kRcw4,"Başbakan Yıldırım, Iğdır EVET Diyor Mitingi’nde konuştu",2334,2017-03-22 00:00:00,"AK Parti YouTube kanalına abone olun: https://goo.gl/2S1mzm

AK İcraatlar: https://goo.gl/n4rP4E
Yeni Türkiye: https://goo.gl/p4qlYl
Mitingler: https://goo.gl/QgNm9V

http://www.akparti.org.tr

Sosyal Medya Hesaplarımız:

Twitter: https://twitter.com/akparti
Facebook: https://www.facebook.com/akparti","['ak parti', 'akp', 'adalet ve kalkınma partisi', 'politika', 'seçim', 'recep tayyip erdoğan', 'hizmet', 'yeni türkiyeAhmet DavutoğluOnlar Konuşur AK Parti Yaparikinci Yarı BaşlıyorBize Millet Yeter']",,,
video_189.mp4,https://www.youtube.com/watch?v=rs62SIbsg_c,"Başbakan Yıldırım, Sivas Evet Diyor Mitingi'nde konuştu",1833,2017-03-19 00:00:00,"AK Parti YouTube kanalına abone olun: https://goo.gl/2S1mzm

AK İcraatlar: https://goo.gl/n4rP4E
Yeni Türkiye: https://goo.gl/p4qlYl
Mitingler: https://goo.gl/QgNm9V

http://www.akparti.org.tr

Sosyal Medya Hesaplarımız:

Twitter: https://twitter.com/akparti
Facebook: https://www.facebook.com/akparti","['ak parti', 'akp', 'adalet ve kalkınma partisi', 'politika', 'seçim', 'recep tayyip erdoğan', 'hizmet', 'yeni türkiyeAhmet DavutoğluOnlar Konuşur AK Parti Yaparikinci Yarı BaşlıyorBize Millet Yeter']",,,
video_190.mp4,https://www.youtube.com/watch?v=V3YCQip_Jro,"Başbakan Yıldırım, Erzincan Evet Diyor Mitingi'nde konuştu",2764,2017-03-19 00:00:00,"AK Parti YouTube kanalına abone olun: https://goo.gl/2S1mzm

AK İcraatlar: https://goo.gl/n4rP4E
Yeni Türkiye: https://goo.gl/p4qlYl
Mitingler: https://goo.gl/QgNm9V

http://www.akparti.org.tr

Sosyal Medya Hesaplarımız:

Twitter: https://twitter.com/akparti
Facebook: https://www.facebook.com/akparti","['ak parti', 'akp', 'adalet ve kalkınma partisi', 'politika', 'seçim', 'recep tayyip erdoğan', 'hizmet', 'yeni türkiyeAhmet DavutoğluOnlar Konuşur AK Parti Yaparikinci Yarı BaşlıyorBize Millet Yeter']",,,
video_191.mp4,https://www.youtube.com/watch?v=72qFA65W77I,"Başbakan Yıldırım, Bayburt Evet Diyor Mitingi'nde konuştu",2070,2017-03-17 00:00:00,"AK Parti YouTube kanalına abone olun: https://goo.gl/2S1mzm

AK İcraatlar: https://goo.gl/n4rP4E
Yeni Türkiye: https://goo.gl/p4qlYl
Mitingler: https://goo.gl/QgNm9V

http://www.akparti.org.tr

Sosyal Medya Hesaplarımız:

Twitter: https://twitter.com/akparti
Facebook: https://www.facebook.com/akparti","['ak parti', 'akp', 'adalet ve kalkınma partisi', 'politika', 'seçim', 'recep tayyip erdoğan', 'hizmet', 'yeni türkiyeAhmet DavutoğluOnlar Konuşur AK Parti Yaparikinci Yarı BaşlıyorBize Millet Yeter']",,,
video_192.mp4,https://www.youtube.com/watch?v=cgla_om9-MM,"Başbakan Yıldırım, Gümüşhane Evet Diyor Mitingi'nde konuştu",2067,2017-03-17 00:00:00,"AK Parti YouTube kanalına abone olun: https://goo.gl/2S1mzm

AK İcraatlar: https://goo.gl/n4rP4E
Yeni Türkiye: https://goo.gl/p4qlYl
Mitingler: https://goo.gl/QgNm9V

http://www.akparti.org.tr

Sosyal Medya Hesaplarımız:

Twitter: https://twitter.com/akparti
Facebook: https://www.facebook.com/akparti","['ak parti', 'akp', 'adalet ve kalkınma partisi', 'politika', 'seçim', 'recep tayyip erdoğan', 'hizmet', 'yeni türkiyeAhmet DavutoğluOnlar Konuşur AK Parti Yaparikinci Yarı BaşlıyorBize Millet Yeter']",,,
video_193.mp4,https://www.youtube.com/watch?v=hzr_Q9MRMfE,"Başbakan Yıldırım, Karabük Evet Diyor Mitingi’nde konuştu",3154,2017-03-16 00:00:00,"AK Parti YouTube kanalına abone olun: https://goo.gl/2S1mzm

AK İcraatlar: https://goo.gl/n4rP4E
Yeni Türkiye: https://goo.gl/p4qlYl
Mitingler: https://goo.gl/QgNm9V

http://www.akparti.org.tr

Sosyal Medya Hesaplarımız:

Twitter: https://twitter.com/akparti
Facebook: https://www.facebook.com/akparti","['ak parti', 'akp', 'adalet ve kalkınma partisi', 'politika', 'seçim', 'recep tayyip erdoğan', 'hizmet', 'yeni türkiyeAhmet DavutoğluOnlar Konuşur AK Parti Yaparikinci Yarı BaşlıyorBize Millet Yeter']",,,
video_194.mp4,https://www.youtube.com/watch?v=p9QnCsgDGC4,"Başbakan Yıldırım, Çankırı Evet Diyor Mitingi’nde konuştu",2592,2017-03-16 00:00:00,"AK Parti YouTube kanalına abone olun: https://goo.gl/2S1mzm

AK İcraatlar: https://goo.gl/n4rP4E
Yeni Türkiye: https://goo.gl/p4qlYl
Mitingler: https://goo.gl/QgNm9V

http://www.akparti.org.tr

Sosyal Medya Hesaplarımız:

Twitter: https://twitter.com/akparti
Facebook: https://www.facebook.com/akparti","['ak parti', 'akp', 'adalet ve kalkınma partisi', 'politika', 'seçim', 'recep tayyip erdoğan', 'hizmet', 'yeni türkiyeAhmet DavutoğluOnlar Konuşur AK Parti Yaparikinci Yarı BaşlıyorBize Millet Yeter']",,,
video_195.mp4,https://www.youtube.com/watch?v=w783KJfhtF8,"Başbakan Yıldırım, Artvin Evet Diyor Mitingi’nde konuştu",3114,2017-03-15 00:00:00,"AK Parti YouTube kanalına abone olun: https://goo.gl/2S1mzm

AK İcraatlar: https://goo.gl/n4rP4E
Yeni Türkiye: https://goo.gl/p4qlYl
Mitingler: https://goo.gl/QgNm9V

http://www.akparti.org.tr

Sosyal Medya Hesaplarımız:

Twitter: https://twitter.com/akparti
Facebook: https://www.facebook.com/akparti","['ak parti', 'akp', 'adalet ve kalkınma partisi', 'politika', 'seçim', 'recep tayyip erdoğan', 'hizmet', 'yeni türkiyeAhmet DavutoğluOnlar Konuşur AK Parti Yaparikinci Yarı BaşlıyorBize Millet Yeter']",,,
video_196.mp4,https://www.youtube.com/watch?v=MCAr6S24tp0,"Başbakan Yıldırım, Ardahan Evet Diyor Mitingi’nde konuştu",2157,2017-03-15 00:00:00,"AK Parti YouTube kanalına abone olun: https://goo.gl/2S1mzm

AK İcraatlar: https://goo.gl/n4rP4E
Yeni Türkiye: https://goo.gl/p4qlYl
Mitingler: https://goo.gl/QgNm9V

http://www.akparti.org.tr

Sosyal Medya Hesaplarımız:

Twitter: https://twitter.com/akparti
Facebook: https://www.facebook.com/akparti","['ak parti', 'akp', 'adalet ve kalkınma partisi', 'politika', 'seçim', 'recep tayyip erdoğan', 'hizmet', 'yeni türkiyeAhmet DavutoğluOnlar Konuşur AK Parti Yaparikinci Yarı BaşlıyorBize Millet Yeter']",,,
video_197.mp4,https://www.youtube.com/watch?v=oACSoGnKG6A,"Başbakan Yıldırım, Bursa Evet Diyor Mitingi’nde konuştu",1337,2017-03-12 00:00:00,"AK Parti YouTube kanalına abone olun: https://goo.gl/2S1mzm

AK İcraatlar: https://goo.gl/n4rP4E
Yeni Türkiye: https://goo.gl/p4qlYl
Mitingler: https://goo.gl/QgNm9V

http://www.akparti.org.tr

Sosyal Medya Hesaplarımız:

Twitter: https://twitter.com/akparti
Facebook: https://www.facebook.com/akparti","['ak parti', 'akp', 'adalet ve kalkınma partisi', 'politika', 'seçim', 'recep tayyip erdoğan', 'hizmet', 'yeni türkiyeAhmet DavutoğluOnlar Konuşur AK Parti Yaparikinci Yarı BaşlıyorBize Millet Yeter']",,,
video_198.mp4,https://www.youtube.com/watch?v=4Dd0zhUS8kM,"Başbakan Yıldırım, Yalova Evet Diyor Mitingi’nde konuştu",1679,2017-03-12 00:00:00,"AK Parti YouTube kanalına abone olun: https://goo.gl/2S1mzm

AK İcraatlar: https://goo.gl/n4rP4E
Yeni Türkiye: https://goo.gl/p4qlYl
Mitingler: https://goo.gl/QgNm9V

http://www.akparti.org.tr

Sosyal Medya Hesaplarımız:

Twitter: https://twitter.com/akparti
Facebook: https://www.facebook.com/akparti","['ak parti', 'akp', 'adalet ve kalkınma partisi', 'politika', 'seçim', 'recep tayyip erdoğan', 'hizmet', 'yeni türkiyeAhmet DavutoğluOnlar Konuşur AK Parti Yaparikinci Yarı BaşlıyorBize Millet Yeter']",,,
video_199.mp4,https://www.youtube.com/watch?v=-hAICk_evlw,"Başbakan Yıldırım, Balıkesir Evet Diyor Mitingi'nde konuştu",1878,2017-03-11 00:00:00,"AK Parti YouTube kanalına abone olun: https://goo.gl/2S1mzm

AK İcraatlar: https://goo.gl/n4rP4E
Yeni Türkiye: https://goo.gl/p4qlYl
Mitingler: https://goo.gl/QgNm9V

http://www.akparti.org.tr

Sosyal Medya Hesaplarımız:

Twitter: https://twitter.com/akparti
Facebook: https://www.facebook.com/akparti","['ak parti', 'akp', 'adalet ve kalkınma partisi', 'politika', 'seçim', 'recep tayyip erdoğan', 'hizmet', 'yeni türkiyeAhmet DavutoğluOnlar Konuşur AK Parti Yaparikinci Yarı BaşlıyorBize Millet Yeter']",,,
video_200.mp4,https://www.youtube.com/watch?v=gn_2Oip4Zrg,"Başbakan Yıldırım, Bolu Evet Diyor Mitingi'nde konuştu",2812,2017-03-10 00:00:00,"AK Parti YouTube kanalına abone olun: https://goo.gl/2S1mzm

AK İcraatlar: https://goo.gl/n4rP4E
Yeni Türkiye: https://goo.gl/p4qlYl
Mitingler: https://goo.gl/QgNm9V

http://www.akparti.org.tr

Sosyal Medya Hesaplarımız:

Twitter: https://twitter.com/akparti
Facebook: https://www.facebook.com/akparti","['ak parti', 'akp', 'adalet ve kalkınma partisi', 'politika', 'seçim', 'recep tayyip erdoğan', 'hizmet', 'yeni türkiyeAhmet DavutoğluOnlar Konuşur AK Parti Yaparikinci Yarı BaşlıyorBize Millet Yeter']",,,
video_201.mp4,https://www.youtube.com/watch?v=0SdeKhhTooQ,"Başbakan Yıldırım, Düzce Evet Diyor Mitingi’nde konuştu",2543,2017-03-10 00:00:00,"AK Parti YouTube kanalına abone olun: https://goo.gl/2S1mzm

AK İcraatlar: https://goo.gl/n4rP4E
Yeni Türkiye: https://goo.gl/p4qlYl
Mitingler: https://goo.gl/QgNm9V

http://www.akparti.org.tr

Sosyal Medya Hesaplarımız:

Twitter: https://twitter.com/akparti
Facebook: https://www.facebook.com/akparti","['ak parti', 'akp', 'adalet ve kalkınma partisi', 'politika', 'seçim', 'recep tayyip erdoğan', 'hizmet', 'yeni türkiyeAhmet DavutoğluOnlar Konuşur AK Parti Yaparikinci Yarı BaşlıyorBize Millet Yeter']",,,
video_202.mp4,https://www.youtube.com/watch?v=EmjJpcYuBSc,"Başbakan Yıldırım, Muş Evet Diyor Mitingi’nde konuştu",2295,2017-03-06 00:00:00,"Ak Parti YouTube kanalına abone olun: https://goo.gl/2S1mzm

Ak İcraatlar: https://goo.gl/n4rP4E
Yeni Türkiye: https://goo.gl/p4qlYl
Mitingler: https://goo.gl/QgNm9V

http://www.akparti.org.tr

Sosyal Medya Hesaplarımız:

Twitter: https://twitter.com/akparti
Facebook: https://www.facebook.com/akparti","['ak parti', 'akp', 'adalet ve kalkınma partisi', 'politika', 'seçim', 'recep tayyip erdoğan', 'hizmet', 'yeni türkiyeAhmet DavutoğluOnlar Konuşur AK Parti Yaparikinci Yarı BaşlıyorBize Millet Yeter']",,,
video_203.mp4,https://www.youtube.com/watch?v=MsW9B8o89ms,"Başbakan Yıldırım, Bingöl Evet Diyor Mitingi’nde konuştu",3377,2017-03-06 00:00:00,"Ak Parti YouTube kanalına abone olun: https://goo.gl/2S1mzm

Ak İcraatlar: https://goo.gl/n4rP4E
Yeni Türkiye: https://goo.gl/p4qlYl
Mitingler: https://goo.gl/QgNm9V

http://www.akparti.org.tr

Sosyal Medya Hesaplarımız:

Twitter: https://twitter.com/akparti
Facebook: https://www.facebook.com/akparti","['ak parti', 'akp', 'adalet ve kalkınma partisi', 'politika', 'seçim', 'recep tayyip erdoğan', 'hizmet', 'yeni türkiyeAhmet DavutoğluOnlar Konuşur AK Parti Yaparikinci Yarı BaşlıyorBize Millet Yeter']",,,
video_204.mp4,https://www.youtube.com/watch?v=WHesEZyVenc,"Başbakan Yıldırım, Nevşehir Evet Diyor Mitingi’nde konuştu",2236,2017-03-04 00:00:00,"Ak Parti YouTube kanalına abone olun: https://goo.gl/2S1mzm

Ak İcraatlar: https://goo.gl/n4rP4E
Yeni Türkiye: https://goo.gl/p4qlYl
Mitingler: https://goo.gl/QgNm9V

http://www.akparti.org.tr

Sosyal Medya Hesaplarımız:

Twitter: https://twitter.com/akparti
Facebook: https://www.facebook.com/akparti","['ak parti', 'akp', 'adalet ve kalkınma partisi', 'politika', 'seçim', 'recep tayyip erdoğan', 'hizmet', 'yeni türkiyeAhmet DavutoğluOnlar Konuşur AK Parti Yaparikinci Yarı BaşlıyorBize Millet Yeter']",,,
video_205.mp4,https://www.youtube.com/watch?v=KEAg9Nh1k8Q,"Başbakan Yıldırım, Kırşehir Evet Diyor Mitingi’nde konuştu",2848,2017-03-04 00:00:00,"Ak Parti YouTube kanalına abone olun: https://goo.gl/2S1mzm

Ak İcraatlar: https://goo.gl/n4rP4E
Yeni Türkiye: https://goo.gl/p4qlYl
Mitingler: https://goo.gl/QgNm9V

http://www.akparti.org.tr

Sosyal Medya Hesaplarımız:

Twitter: https://twitter.com/akparti
Facebook: https://www.facebook.com/akparti","['ak parti', 'akp', 'adalet ve kalkınma partisi', 'politika', 'seçim', 'recep tayyip erdoğan', 'hizmet', 'yeni türkiyeAhmet DavutoğluOnlar Konuşur AK Parti Yaparikinci Yarı BaşlıyorBize Millet Yeter']",,,
video_206.mp4,https://www.youtube.com/watch?v=wmkUvw3iXt4,"Başbakan Yıldırım, Sinop Evet Diyor Mitingi’nde konuştu",2663,2017-03-03 00:00:00,"Ak Parti YouTube kanalına abone olun: https://goo.gl/2S1mzm

Ak İcraatlar: https://goo.gl/n4rP4E
Yeni Türkiye: https://goo.gl/p4qlYl
Mitingler: https://goo.gl/QgNm9V

http://www.akparti.org.tr

Sosyal Medya Hesaplarımız:

Twitter: https://twitter.com/akparti
Facebook: https://www.facebook.com/akparti","['ak parti', 'akp', 'adalet ve kalkınma partisi', 'politika', 'seçim', 'recep tayyip erdoğan', 'hizmet', 'yeni türkiyeAhmet DavutoğluOnlar Konuşur AK Parti Yaparikinci Yarı BaşlıyorBize Millet Yeter']",,,
video_207.mp4,https://www.youtube.com/watch?v=TGEW6EudKIA,"Başbakan Yıldırım, Bartın Evet Diyor Mitingi’ne telekonferansla bağlanarak halka hitap etti",1797,2017-03-03 00:00:00,"Ak Parti YouTube kanalına abone olun: https://goo.gl/2S1mzm

Ak İcraatlar: https://goo.gl/n4rP4E
Yeni Türkiye: https://goo.gl/p4qlYl
Mitingler: https://goo.gl/QgNm9V

http://www.akparti.org.tr

Sosyal Medya Hesaplarımız:

Twitter: https://twitter.com/akparti
Facebook: https://www.facebook.com/akparti","['ak parti', 'akp', 'adalet ve kalkınma partisi', 'politika', 'seçim', 'recep tayyip erdoğan', 'hizmet', 'yeni türkiyeAhmet DavutoğluOnlar Konuşur AK Parti Yaparikinci Yarı BaşlıyorBize Millet Yeter']",,,
video_208.mp4,https://www.youtube.com/watch?v=e27VyVzXLtA,"Başbakan Yıldırım, Tokat Evet Diyor Mitingi’nde konuştu",3153,2017-03-01 00:00:00,"Ak Parti YouTube kanalına abone olun: https://goo.gl/2S1mzm

Ak İcraatlar: https://goo.gl/n4rP4E
Yeni Türkiye: https://goo.gl/p4qlYl
Mitingler: https://goo.gl/QgNm9V

http://www.akparti.org.tr

Sosyal Medya Hesaplarımız:

Twitter: https://twitter.com/akparti
Facebook: https://www.facebook.com/akparti","['ak parti', 'akp', 'adalet ve kalkınma partisi', 'politika', 'seçim', 'recep tayyip erdoğan', 'hizmet', 'yeni türkiyeAhmet DavutoğluOnlar Konuşur AK Parti Yaparikinci Yarı BaşlıyorBize Millet Yeter']",,,
video_209.mp4,https://www.youtube.com/watch?v=qq1jMh2dAeM,"Başbakan Yıldırım, Amasya Evet Diyor Mitingi'nde konuştu",3261,2017-03-01 00:00:00,"Ak Parti YouTube kanalına abone olun: https://goo.gl/2S1mzm

Ak İcraatlar: https://goo.gl/n4rP4E
Yeni Türkiye: https://goo.gl/p4qlYl
Mitingler: https://goo.gl/QgNm9V

http://www.akparti.org.tr

Sosyal Medya Hesaplarımız:

Twitter: https://twitter.com/akparti
Facebook: https://www.facebook.com/akparti","['ak parti', 'akp', 'adalet ve kalkınma partisi', 'politika', 'seçim', 'recep tayyip erdoğan', 'hizmet', 'yeni türkiyeAhmet DavutoğluOnlar Konuşur AK Parti Yaparikinci Yarı BaşlıyorBize Millet Yeter']",,,
video_210.mp4,https://www.youtube.com/watch?v=5YbCNPdr18g,"Başbakan Yıldırım, Kahramankazan Mitingi’nde konuştu",2829,2017-02-26 00:00:00,"Ak Parti YouTube kanalına abone olun: https://goo.gl/2S1mzm

Ak İcraatlar: https://goo.gl/n4rP4E
Yeni Türkiye: https://goo.gl/p4qlYl
Mitingler: https://goo.gl/QgNm9V

http://www.akparti.org.tr

Sosyal Medya Hesaplarımız:

Twitter: https://twitter.com/akparti
Facebook: https://www.facebook.com/akparti","['ak parti', 'akp', 'adalet ve kalkınma partisi', 'politika', 'seçim', 'recep tayyip erdoğan', 'hizmet', 'yeni türkiyeAhmet DavutoğluOnlar Konuşur AK Parti Yaparikinci Yarı BaşlıyorBize Millet Yeter']",,,
video_211.mp4,https://www.youtube.com/watch?v=1FJOGqi8I2o,"Başbakan Yıldırım, Cumhurbaşkanlığı Hükümet Sistemi Halk Oylaması Tanıtım Toplantısı‘nda konuştu",4619,2017-02-25 00:00:00,"Ak Parti YouTube kanalına abone olun: https://goo.gl/2S1mzm

Ak İcraatlar: https://goo.gl/n4rP4E
Yeni Türkiye: https://goo.gl/p4qlYl
Mitingler: https://goo.gl/QgNm9V

http://www.akparti.org.tr

Sosyal Medya Hesaplarımız:

Twitter: https://twitter.com/akparti
Facebook: https://www.facebook.com/akparti","['ak parti', 'akp', 'adalet ve kalkınma partisi', 'politika', 'seçim', 'recep tayyip erdoğan', 'hizmet', 'yeni türkiyeAhmet DavutoğluOnlar Konuşur AK Parti Yaparikinci Yarı BaşlıyorBize Millet Yeter']",,,
video_212.mp4,https://www.youtube.com/watch?v=mjLtIHHU4Lw,"Başbakan Yıldırım, İstanbul Yenikapı'da Demokrasi ve Şehitler Mitingi'nde konuştu",1099,2016-08-07 00:00:00,"Ak Parti YouTube kanalına abone olun: https://goo.gl/2S1mzm

Ak İcraatlar: https://goo.gl/n4rP4E
Yeni Türkiye: https://goo.gl/p4qlYl
Mitingler: https://goo.gl/QgNm9V

http://www.akparti.org.tr

Sosyal Medya Hesaplarımız:

Twitter: https://twitter.com/akparti
Facebook: https://www.facebook.com/akparti","['ak parti', 'akp', 'adalet ve kalkınma partisi', 'politika', 'seçim', 'recep tayyip erdoğan', 'hizmet', 'yeni türkiyeAhmet DavutoğluOnlar Konuşur AK Parti Yaparikinci Yarı BaşlıyorBize Millet Yeter']",,,
video_213.mp4,https://www.youtube.com/watch?v=t-QFvXganRU,#İlkGünküAşklaMaraş,51,2015-10-09 00:00:00,"Ak Parti YouTube kanalına abone olun: https://goo.gl/2S1mzm

Ak İcraatlar: https://goo.gl/n4rP4E
Yeni Türkiye: https://goo.gl/p4qlYl
Mitingler: https://goo.gl/QgNm9V

http://www.akparti.org.tr

Sosyal Medya Hesaplarımız:

Twitter: https://twitter.com/akparti
Facebook: https://www.facebook.com/akparti","['ak parti', 'akp', 'adalet ve kalkınma partisi', 'politika', 'seçim', 'recep tayyip erdoğan', 'hizmet', 'yeni türkiyeAhmet DavutoğluOnlar Konuşur AK Parti Yaparikinci Yarı BaşlıyorBize Millet Yeter']",,,
